Home team;Away Team;Goal (For);Goal Against;winner
Ath Bilbao;Barcelona;0;3;Away win
Villarreal;Sevilla;4;2;Home win
Girona;Atl. Madrid;0;4;Away win
Alaves;Osasuna;1;1;Away win
Getafe;Celta Vigo;1;2;Away win
Rayo Vallecano;Mallorca;0;0;Away win
Espanyol;Las Palmas;2;0;Home win
Leganes;Valladolid;3;0;Home win
Real Madrid;Real Sociedad;2;0;Home win
Betis;Valencia;1;1;Away win
Atl. Madrid;Betis;4;1;Home win
Barcelona;Villarreal;2;3;Away win
Celta Vigo;Rayo Vallecano;1;2;Away win
Las Palmas;Leganes;0;1;Away win
Mallorca;Getafe;1;2;Away win
Osasuna;Espanyol;2;0;Home win
Real Sociedad;Girona;3;2;Home win
Sevilla;Real Madrid;0;2;Away win
Valencia;Ath Bilbao;0;1;Away win
Valladolid;Alaves;0;1;Away win
Espanyol;Barcelona;0;2;Away win
Getafe;Ath Bilbao;0;2;Away win
Osasuna;Atl. Madrid;2;0;Home win
Rayo Vallecano;Betis;2;2;Away win
Real Madrid;Mallorca;2;1;Home win
Alaves;Valencia;1;0;Home win
Villarreal;Leganes;3;0;Home win
Sevilla;Las Palmas;1;0;Home win
Real Sociedad;Celta Vigo;0;1;Away win
Valladolid;Girona;0;1;Away win
Betis;Osasuna;1;1;Away win
Ath Bilbao;Alaves;1;0;Home win
Barcelona;Real Madrid;4;3;Home win
Leganes;Espanyol;3;2;Home win
Atl. Madrid;Real Sociedad;4;0;Home win
Girona;Villarreal;0;1;Away win
Mallorca;Valladolid;2;1;Home win
Celta Vigo;Sevilla;3;2;Home win
Valencia;Getafe;3;0;Home win
Las Palmas;Rayo Vallecano;0;1;Away win
Girona;Mallorca;1;0;Home win
Real Sociedad;Ath Bilbao;0;0;Away win
Espanyol;Betis;1;2;Away win
Sevilla;Leganes;2;2;Away win
Real Madrid;Celta Vigo;3;2;Home win
Valladolid;Barcelona;1;2;Away win
Las Palmas;Valencia;2;3;Away win
Villarreal;Osasuna;4;2;Home win
Alaves;Atl. Madrid;0;0;Away win
Rayo Vallecano;Getafe;1;0;Home win
Villarreal;Espanyol;1;0;Home win
Atl. Madrid;Rayo Vallecano;3;0;Home win
Betis;Valladolid;5;1;Home win
Leganes;Girona;1;1;Away win
Osasuna;Sevilla;1;0;Home win
Alaves;Real Sociedad;1;0;Home win
Getafe;Real Madrid;0;1;Away win
Ath Bilbao;Las Palmas;1;0;Home win
Celta Vigo;Villarreal;3;0;Home win
Barcelona;Mallorca;1;0;Home win
Valencia;Espanyol;1;1;Away win
Girona;Betis;1;3;Away win
Real Madrid;Ath Bilbao;1;0;Home win
Sevilla;Alaves;1;1;Away win
Villarreal;Real Sociedad;2;2;Away win
Valladolid;Osasuna;2;3;Away win
Las Palmas;Atl. Madrid;1;0;Home win
Mallorca;Leganes;0;0;Away win
Barcelona;Celta Vigo;4;3;Home win
Rayo Vallecano;Valencia;1;1;Away win
Espanyol;Getafe;1;0;Home win
Atl. Madrid;Valladolid;4;2;Home win
Ath Bilbao;Rayo Vallecano;3;1;Home win
Betis;Villarreal;1;2;Away win
Alaves;Real Madrid;0;1;Away win
Osasuna;Girona;2;1;Home win
Leganes;Barcelona;0;1;Away win
Celta Vigo;Espanyol;0;2;Away win
Getafe;Las Palmas;1;3;Away win
Real Sociedad;Mallorca;0;2;Away win
Valencia;Sevilla;1;0;Home win
Leganes;Osasuna;1;1;Away win
Villarreal;Ath Bilbao;0;0;Away win
Valladolid;Getafe;0;4;Away win
Sevilla;Atl. Madrid;1;2;Away win
Las Palmas;Real Sociedad;1;3;Away win
Barcelona;Betis;1;1;Away win
Mallorca;Celta Vigo;1;2;Away win
Real Madrid;Valencia;1;2;Away win
Girona;Alaves;0;1;Away win
Rayo Vallecano;Espanyol;0;4;Away win
Celta Vigo;Las Palmas;1;1;Away win
Betis;Sevilla;2;1;Home win
Ath Bilbao;Osasuna;0;0;Away win
Valencia;Mallorca;1;0;Home win
Barcelona;Girona;4;1;Home win
Getafe;Villarreal;1;2;Away win
Real Madrid;Leganes;3;2;Home win
Alaves;Rayo Vallecano;0;2;Away win
Espanyol;Atl. Madrid;1;1;Away win
Real Sociedad;Valladolid;2;1;Home win
Barcelona;Osasuna;3;0;Home win
Atl. Madrid;Barcelona;2;4;Away win
Osasuna;Getafe;1;2;Away win
Rayo Vallecano;Real Sociedad;2;2;Away win
Sevilla;Ath Bilbao;0;1;Away win
Leganes;Betis;2;3;Away win
