Home Team;Away Team;Goals(For);Goals(Against);Winner
Barcelona;Betis;3;1;Home Win
Ath Bilbao;Celta Vigo;1;1;Away Win
Atl. Madrid;Girona;1;0;Home Win
Elche;Getafe;1;0;Home Win
Levante;Mallorca;2;0;Home Win
Osasuna;Espanyol;1;2;Away Win
Oviedo;Alaves;0;1;Away Win
Rayo Vallecano;Villarreal;2;0;Home Win
Real Sociedad;Valencia;3;4;Away Win
Sevilla;Real Madrid;0;1;Away Win
Real Madrid;Oviedo;2;0;Home Win
Girona;Real Sociedad;1;1;Away Win
Valencia;Rayo Vallecano;1;1;Away Win
Alaves;Barcelona;1;0;Home Win
Getafe;Mallorca;3;1;Home Win
Espanyol;Ath Bilbao;2;0;Home Win
Villarreal;Sevilla;2;3;Away Win
Osasuna;Atl. Madrid;1;2;Away Win
Betis;Elche;2;1;Home Win
Celta Vigo;Levante;2;3;Away Win
Rayo Vallecano;Girona;1;1;Away Win
Barcelona;Real Madrid;2;0;Home Win
Oviedo;Getafe;0;0;Away Win
Ath Bilbao;Valencia;0;1;Away Win
Mallorca;Villarreal;1;1;Away Win
Real Sociedad;Betis;2;2;Away Win
Atl. Madrid;Celta Vigo;0;1;Away Win
Sevilla;Espanyol;2;1;Home Win
Elche;Alaves;1;1;Away Win
Levante;Osasuna;3;2;Home Win
Sevilla;Real Sociedad;1;0;Home Win
Espanyol;Real Madrid;0;2;Away Win
Betis;Oviedo;3;0;Home Win
Getafe;Rayo Vallecano;0;2;Away Win
Celta Vigo;Elche;3;1;Home Win
Osasuna;Barcelona;1;2;Away Win
Alaves;Ath Bilbao;2;4;Away Win
Valencia;Atl. Madrid;0;2;Away Win
Villarreal;Levante;5;1;Home Win
Girona;Mallorca;0;1;Away Win
Espanyol;Levante;0;0;Away Win
Villarreal;Celta Vigo;2;1;Home Win
Osasuna;Sevilla;2;1;Home Win
Oviedo;Elche;1;2;Away Win
Rayo Vallecano;Real Sociedad;3;3;Away Win
Atl. Madrid;Ath Bilbao;3;2;Home Win
Valencia;Girona;2;1;Home Win
Getafe;Barcelona;0;2;Away Win
Alaves;Mallorca;2;1;Home Win
Betis;Real Madrid;1;1;Away Win
Oviedo;Villarreal;1;1;Away Win
Rayo Vallecano;Espanyol;1;0;Home Win
Levante;Sevilla;2;0;Home Win
Barcelona;Celta Vigo;1;0;Home Win
Real Sociedad;Getafe;0;1;Away Win
Elche;Atl. Madrid;3;2;Home Win
Girona;Betis;2;3;Away Win
Real Madrid;Alaves;2;1;Home Win
Ath Bilbao;Osasuna;1;0;Home Win
Mallorca;Valencia;1;1;Away Win
Levante;Getafe;1;0;Home Win
Ath Bilbao;Villarreal;1;2;Away Win
Celta Vigo;Oviedo;0;3;Away Win
Mallorca;Rayo Vallecano;3;0;Home Win
Osasuna;Betis;1;1;Away Win
Sevilla;Atl. Madrid;2;1;Home Win
Barcelona;Espanyol;4;1;Home Win
Elche;Valencia;1;0;Home Win
Real Sociedad;Alaves;3;3;Away Win
Real Madrid;Girona;1;1;Away Win
Girona;Villarreal;1;0;Home Win
Alaves;Osasuna;2;2;Away Win
Oviedo;Sevilla;1;0;Home Win
Valencia;Celta Vigo;2;3;Away Win
Getafe;Ath Bilbao;2;0;Home Win
Atl. Madrid;Barcelona;1;2;Away Win
Betis;Espanyol;0;0;Away Win
Mallorca;Real Madrid;2;1;Home Win
Real Sociedad;Levante;2;0;Home Win
Rayo Vallecano;Elche;1;0;Home Win
Real Madrid;Atl. Madrid;3;2;Home Win
Ath Bilbao;Betis;2;1;Home Win
Celta Vigo;Alaves;3;4;Away Win
Barcelona;Rayo Vallecano;1;0;Home Win
Sevilla;Valencia;0;2;Away Win
Levante;Oviedo;4;2;Home Win
Osasuna;Girona;1;0;Home Win
Espanyol;Getafe;1;2;Away Win
Elche;Mallorca;2;1;Home Win
Villarreal;Real Sociedad;3;1;Home Win
Rayo Vallecano;Levante;1;1;Away Win
Real Sociedad;Osasuna;3;1;Home Win
Betis;Celta Vigo;1;1;Away Win
Barcelona;Sevilla;5;2;Home Win
Mallorca;Espanyol;2;1;Home Win
Real Madrid;Elche;4;1;Home Win
Oviedo;Valencia;1;0;Home Win
Atl. Madrid;Getafe;1;0;Home Win
Girona;Ath Bilbao;3;0;Home Win
Alaves;Villarreal;1;1;Away Win
Espanyol;Oviedo;1;1;Away Win
Valencia;Alaves;3;2;Home Win
Sevilla;Rayo Vallecano;1;1;Away Win
Getafe;Betis;2;0;Home Win
Villarreal;Elche;2;1;Home Win
